Field of View,Cell ID,X,Y
0,1,1766.4,283.42
0,2,1891.4,348.38
0,3,1548.7,351.11
0,4,1657.6,357.37
0,5,1767.4,392.22
0,6,1707.3,403.38
0,7,1526.5,425.07
0,8,1757.1,484.11
0,9,1611.7,547.64
0,10,1471.1,586.12
0,11,1838.3,582.7
0,12,1543.9,592.4
0,13,1432.8,620.14
0,14,1626.7,653.44
0,15,1554.9,671.15
0,16,1403.3,677.09
0,17,1460.8,681.74
0,18,1799.7,690.43
0,19,1969.3,692.7
0,20,1110.5,699.4
0,21,1681.4,704.03
0,22,1856.9,732.96
0,23,1615.6,745.09
0,24,1925.9,745.16
0,25,1446.1,771.05
0,26,1600.1,836.35
0,27,1438.7,881.04
0,28,1374.4,941.94
0,29,791.44,974.23
0,30,1075.6,979.84
0,31,975.32,996.81
0,32,949.5,1013.4
0,33,694.45,1108.8
0,34,518.19,1296.4
0,35,395.16,1312.3
0,36,467.86,1321.6
0,37,763.74,1330.3
0,38,822.08,1371.4
0,39,903.78,1380.4
0,40,756.95,1380.9
0,41,991.48,1379.8
0,42,702.17,1381.9
0,43,1059.3,1420.1
0,44,663.65,1426.7
0,45,1159.4,1426.2
0,46,740.12,1442.8
0,47,587.58,1480.9
0,48,861.64,1486.9
0,49,692.74,1492.7
0,50,794.85,1501.6
0,51,650.79,1512.1
0,52,1864,1519.6
0,53,1774.3,1522.1
0,54,590.35,1530.1
0,55,1630.1,1536.3
0,56,856.1,1557.1
0,57,1700.7,1567.9
0,58,1576.9,1571.6
0,59,1812.5,1585.1
0,60,1650.8,1586.8
0,61,1513.5,1602.1
0,62,1766.1,1613.7
0,63,1430.9,1626
0,64,1692.6,1645.2
0,65,1507.2,1649
0,66,1396.8,1667.2
0,67,1489.1,1703.7
0,68,1765.6,1720.2
0,69,1836.8,1749.7
0,70,1650.4,1766.8
0,71,1586.5,1771.2
0,72,1796.3,1779.4
0,73,1746.7,1785.6
0,74,1442.9,1805.9
0,75,1838.7,1819.9
0,76,1945.6,1840.6
0,77,1319.3,1843.4
0,78,1380,1871.3
0,79,1843.4,1876.7
0,80,1490.7,1879.9
0,81,1279.1,1898.4
0,82,1361.2,1943.7
0,83,1442.6,1945.1
0,84,1290.5,1949.9
0,85,1516.3,783.44
0,86,1934.2,800.33
0,87,367.88,805.34
0,88,287.7,805.9
0,89,583.33,849.22
0,90,225.4,862.74
0,91,323.5,872.82
0,92,160.54,873.28
0,93,267.76,901.57
0,94,1048,932.65
0,95,368.72,940.23
0,96,995.58,952.82
0,97,867.81,993.59
0,98,915.89,989.54
0,99,294.08,1012.5
0,100,900.55,1026.9
0,101,1019.5,1023.2
0,102,323.78,1117.1
0,103,1564.2,1188.6
0,104,1479.4,1195.1
0,105,1176.5,1204.4
0,106,1454.6,1223.9
0,107,1562,1242.5
0,108,1320,1265.6
0,109,1792.9,1258
0,110,1388.6,1265.9
0,111,1484.2,1304.4
0,112,1563.4,1303.9
0,113,737.1,1785.1
0,114,766.57,1839
0,115,796.71,1908.7
0,116,731.9,1926.3
0,117,640.82,58.541
0,118,237.29,149.14
0,119,865.99,172.13
0,120,342.61,196.01
0,121,180.28,194.39
0,122,232.68,243.32
0,123,422.73,277.99
0,124,848.16,314.96
0,125,520.93,328.97
0,126,912.6,336.75
0,127,382.93,364.78
0,128,654.44,407.82
0,129,856.91,419.68
0,130,560.61,418.92
0,131,1014,469.07
0,132,696.75,466.25
0,133,493.45,477.58
0,134,635.59,485.83
0,135,737.42,492.86
0,136,1122.3,492.9
0,137,808.17,489.03
0,138,538.06,494.24
0,139,867.97,501.47
0,140,650.2,520.84
0,141,585.8,531.62
0,142,743.95,538.16
0,143,906.98,541.35
0,144,1187.7,571.01
0,145,832.9,571.83
0,146,720.13,579.23
0,147,541.19,579.1
0,148,633.3,601.54
0,149,712.78,619.72
0,150,821.55,636.48
0,151,467.35,652.1
0,152,692.31,678.49
0,153,416.75,681.68
0,154,749.8,686.12
0,155,843.91,707.2
0,156,825.16,756.42
0,157,730.18,757.95
0,158,784.63,797.41
0,159,1952.6,856.54
0,160,1519.8,954.62
0,161,1517.1,1020
0,162,1473.3,1067.1
0,163,1507.2,1148.3
0,164,308.04,1416.4
0,165,372.91,1432.3
0,166,431.72,1431.5
0,167,295.06,1452.4
0,168,1685.3,1485.3
0,169,1259.5,1543.9
0,170,595.25,1821.3
0,171,528.65,1867.3
0,172,524.54,1915.4
0,173,1240.6,68.631
0,174,585.95,81.709
0,175,1270.3,135.75
0,176,760.47,256.24
0,177,1333.8,266.78
0,178,273.8,337.38
0,179,1047,391.65
0,180,509.65,392.9
0,181,1191.9,399.43
0,182,1112.3,417.79
0,183,1220.5,492.96
0,184,1278.5,514.4
0,185,1333.3,512.95
0,186,377.78,570.45
0,187,1275.5,574.39
0,188,1376,591.67
0,189,1233.5,655.21
0,190,357.49,688.03
0,191,1327.2,700.66
0,192,347.96,737.63
0,193,1223.8,753.77
0,194,1709.3,840.12
0,195,1788.4,845.04
0,196,989.11,866.15
0,197,1874,867.41
0,198,1189.1,874.66
0,199,1109.2,891.51
0,200,1677.7,907.61
0,201,1742.7,922.65
0,202,1816,938.45
0,203,1948.1,949.84
0,204,1618,969.93
0,205,1232.4,993.05
0,206,1878.3,1002.3
0,207,697.27,1008
0,208,1743.3,1015.2
0,209,837.86,1027.4
0,210,1936,1031.9
0,211,1987,1083.2
0,212,728.13,1078.1
0,213,776.14,1096.6
0,214,1133.1,1105
0,215,1244.1,1109
0,216,1381.6,1109.1
0,217,821.14,1110.5
0,218,905.56,1114.6
0,219,767.05,1173.4
0,220,566.05,1179.9
0,221,1890.9,1302.5
0,222,1435.9,1406.7
0,223,1550.4,1411.3
0,224,1374.9,1427.3
0,225,1304,1471.9
0,226,1464,1474.8
0,227,1213.2,1501.3
0,228,1381.5,1533.6
0,229,984.46,1538.3
0,230,1090.6,1549.7
0,231,1393.2,1576.4
0,232,1021.8,1592.9
0,233,612.42,1595.5
0,234,801.18,1617.7
0,235,528.12,1626.1
0,236,903.75,1642.1
0,237,374.4,1649.4
0,238,609.79,1650.2
0,239,672.42,1659.4
0,240,1035.4,1658.3
0,241,451.93,1680
0,242,1289.6,1678.1
0,243,599.05,1681.6
0,244,299.47,1713
0,245,1352.1,1713.1
0,246,392.68,1726.8
0,247,956.26,1735.2
0,248,1313.6,1767.3
0,249,488.34,1826.1
0,250,684.25,1842.8
0,251,871.83,1902.5
0,252,1724.1,583.91
1,1,1091.4,130.9
1,2,1059.1,137.11
1,3,1405.7,154.08
1,4,607.11,157.39
1,5,1457.9,160.53
1,6,1341.4,177.08
1,7,768.97,175.21
1,8,856.68,183.5
1,9,897.27,192.69
1,10,677.27,204.71
1,11,819.66,208.43
1,12,996.86,222.16
1,13,875.17,226.59
1,14,751.39,259.16
1,15,1337,266
1,16,873.61,292.95
1,17,1227.9,663.74
1,18,842.92,701
1,19,882.01,710.89
1,20,1364.8,747.34
1,21,1404.9,755.81
1,22,663.3,762.42
1,23,1809.8,785.42
1,24,1197.5,807.97
1,25,1431.2,810.31
1,26,1390.9,847.79
1,27,1427.9,845.35
1,28,793.6,847.64
1,29,1858.7,858.29
1,30,1911,883.23
1,31,1054.3,891.45
1,32,1463.9,889.84
1,33,1326.8,903.68
1,34,1424.1,905.4
1,35,1740.2,909.76
1,36,1059.2,924.49
1,37,1430.3,951.55
1,38,951.75,947.98
1,39,1774.9,959.6
1,40,980.67,974.96
1,41,1719.7,977.13
1,42,1604.2,995.08
1,43,1570.3,996.48
1,44,1447.8,1011.8
1,45,1689.2,1017.3
1,46,1721.7,1030.4
1,47,1537.8,1033.2
1,48,1597.5,1048.7
1,49,1708.3,1062.7
1,50,1627.8,1068.9
1,51,1660.6,1090.7
1,52,1696.5,1133.3
1,53,933.27,166.35
1,54,1059,179.29
1,55,953.97,186.98
1,56,1120.4,202.29
1,57,1459.9,219.39
1,58,941.03,219.3
1,59,1393.5,224.99
1,60,1475.7,268.03
1,61,1398.4,272.12
1,62,1429.9,308.05
1,63,1368.1,348.43
1,64,903.45,660.03
1,65,809.94,778.06
1,66,1896.5,816.59
1,67,853.5,825.89
1,68,1773.7,847.86
1,69,959.77,901.92
1,70,1650.6,942.35
1,71,1033.6,950.37
1,72,1382.1,958.72
1,73,1250.4,965.03
1,74,1322.1,981.88
1,75,1650.2,985.64
1,76,1229.3,1001.5
1,77,1518.4,1083.3
1,78,1582.5,1118.7
1,79,1349,679.85
1,80,341.24,955.47
1,81,919.83,979.25
1,82,948.27,1004.8
1,83,795.5,1072.8
1,84,1720.9,231.11
1,85,315.4,237.86
1,86,393.56,263.21
1,87,691.63,277.86
1,88,1535.2,296.37
1,89,331.36,297.66
1,90,1607.1,317.01
1,91,306.19,355.31
1,92,706.48,370.99
1,93,1555.2,368.7
1,94,920.08,399.55
1,95,1206.9,405.35
1,96,1901.1,410.2
1,97,968.69,419.49
1,98,1073.2,424.6
1,99,858.06,423.15
1,100,1804.1,430.6
1,101,1509.3,460.76
1,102,443.76,467.81
1,103,985.58,481.73
1,104,876.77,483.63
1,105,1845.9,499.7
1,106,1346.2,498.31
1,107,1598.3,499.95
1,108,1637.2,502.14
1,109,1250.7,503.36
1,110,1297.8,510.18
1,111,420.48,517.1
1,112,899.07,520.17
1,113,551.55,530.56
1,114,1276.8,537.41
1,115,495.48,549.07
1,116,1579.6,547.65
1,117,1460.1,550.4
1,118,1047.2,561.75
1,119,1347.7,558.48
1,120,1095.2,566.26
1,121,1138.9,581.03
1,122,1325.9,583.06
1,123,1655.8,587.28
1,124,514.29,599.79
1,125,1083.2,601.36
1,126,1346.8,644.47
1,127,1015.9,641.56
1,128,1048.9,676.03
1,129,1419.5,679.49
1,130,1456.7,697.7
1,131,1411.9,710.14
1,132,1654.1,721.38
1,133,347.68,728.23
1,134,1568.1,744.79
1,135,403.64,751.3
1,136,453.72,743.29
1,137,1527.3,752.4
1,138,1111.1,780.69
1,139,744.96,783.33
1,140,525.37,800.81
1,141,599.61,822.12
1,142,1604.2,819.85
1,143,1582.8,854.71
1,144,1654.2,859.64
1,145,609.07,866.28
1,146,1223.2,880.43
1,147,549.23,881.34
1,148,720.22,906.77
1,149,846.3,944.91
1,150,895,948.37
1,151,396.85,962.26
1,152,355.49,989.13
1,153,460.47,994.02
1,154,638.35,993.41
1,155,744.79,993.15
1,156,531.85,998.01
1,157,277.8,1020.7
1,158,1290.2,1036.6
1,159,375.52,1050.3
1,160,1390,1056.7
1,161,259.89,1072.8
1,162,742.87,1097
1,163,813.19,1121.9
1,164,1237.7,1131
1,165,1302.6,1144.5
1,166,1088.3,1141.8
1,167,857.63,1176.4
1,168,715.46,1188.5
1,169,926.91,1195.3
1,170,1819.3,1195.4
1,171,757.9,1199.7
1,172,888.65,1242.7
1,173,1310.3,1250.7
1,174,1614.3,1267.2
1,175,749.81,1270.1
1,176,1122.5,1279.8
1,177,1429,1301.4
1,178,1517.1,1309.7
1,179,1192.7,1336.6
1,180,1294.1,1351.7
1,181,1577.4,1368.9
1,182,1798.7,1399.4
1,183,1698.5,1410.2
1,184,1566.5,1452.1
1,185,1355.1,1476.6
1,186,1328.4,1487.4
1,187,1111.7,1520.9
1,188,1701.4,1549.4
1,189,1498.4,1578.6
1,190,1762.3,1581.6
1,191,1729.3,1637.8
1,192,1680,1644.1
1,193,1861.1,1653
1,194,1609.3,1693.3
1,195,1670.8,1720.7
1,196,1900.4,1724.2
1,197,532.3,156.23
1,198,516.93,227.6
1,199,467.55,236.73
1,200,1597.2,256.46
1,201,1672.5,263.65
1,202,609.79,263.48
1,203,1739.4,282.96
1,204,1807.2,300.16
1,205,451.88,312.45
1,206,1035.7,322.67
1,207,1773.7,332.54
1,208,645.81,334.92
1,209,1734.6,346.52
1,210,1512.4,346.19
1,211,924.21,352.95
1,212,535.29,361.93
1,213,1228.8,360.87
1,214,879.52,367.36
1,215,362.43,373.77
1,216,1272.3,408.05
1,217,1577,421.41
1,218,1036.8,419.56
1,219,1620,428.41
1,220,663.29,433.29
1,221,1681.9,444.27
1,222,725.68,459.53
1,223,1177.4,469.93
1,224,1226.8,476.09
1,225,1736.8,503.22
1,226,1084.4,506.88
1,227,1682.7,520.83
1,228,833.04,531.51
1,229,1821.5,541.8
1,230,683.49,545.3
1,231,970.45,564.23
1,232,1882.8,561.71
1,233,1790,582.48
1,234,1833.7,595.17
1,235,1433,594.57
1,236,1272.7,608.73
1,237,1530.1,613.38
1,238,1569.6,611.21
1,239,738.36,613.38
1,240,1483.5,625.88
1,241,1775.5,622.98
1,242,1098.4,625.21
1,243,1435.4,639.85
1,244,1575.1,663.86
1,245,1601.4,669.87
1,246,657.04,668.5
1,247,421.92,676.9
1,248,1706.5,672.23
1,249,1534.7,684.28
1,250,1587.5,715.23
1,251,1721.4,725.45
1,252,977.99,729.6
1,253,574.08,750.18
1,254,1053.3,788.36
1,255,400.46,790.01
1,256,454.91,803.55
1,257,1341.5,808.21
1,258,1303.8,839.37
1,259,362.96,847.21
1,260,1108.3,849.89
1,261,419.27,874.26
1,262,662.47,869.28
1,263,640.5,872.04
1,264,485.01,905.56
1,265,610.59,920.61
1,266,1132.8,917.8
1,267,1067.7,977.51
1,268,1031.4,1020.6
1,269,899.68,1018.9
1,270,1060.1,1038
1,271,1103.1,1042.2
1,272,676.05,1047.7
1,273,814.93,1036.6
1,274,1816,1048.4
1,275,885.22,1058.8
1,276,587.79,1053.2
1,277,295.56,1057.8
1,278,321.77,1069.5
1,279,941.22,1079.6
1,280,454.25,1082.5
1,281,546.28,1085.5
1,282,1059.1,1086.5
1,283,995.59,1091.5
1,284,1859.9,1101.9
1,285,324.46,1107.4
1,286,402.96,1110
1,287,948.01,1110.2
1,288,1467.8,1112
1,289,893.82,1119.3
1,290,459.78,1125.7
1,291,1405.3,1125.2
1,292,1147.8,1130.4
1,293,1409,1182.3
1,294,1560,1184.7
1,295,1072.9,1199.1
1,296,1217,1207.5
1,297,1291,1208.5
1,298,1502.4,1220.5
1,299,1404.6,1235.3
1,300,1782.1,1235.6
1,301,1677.3,1244.5
1,302,1348.2,1267.1
1,303,693.13,1267.6
1,304,838.67,1273.9
1,305,1746.3,1274.4
1,306,1378.8,1285.7
1,307,790.2,1289.2
1,308,1784.1,1290.1
1,309,893.55,1294.7
1,310,1294.9,1300.3
1,311,1334.1,1307.4
1,312,1709.4,1313.4
1,313,1642.9,1322.4
1,314,1827,1327.5
1,315,917.73,1338.3
1,316,845.85,1329.6
1,317,788.41,1341.5
1,318,1631.5,1365.4
1,319,840.23,1380.5
1,320,1525.6,1381.4
1,321,1483.6,1406.4
1,322,1257.9,1409.7
1,323,890.29,1419.5
1,324,1624.6,1418.6
1,325,1190.3,1422.8
1,326,1404.3,1438.5
1,327,1140.8,1462.5
1,328,1670.3,1482
1,329,1800.3,1476.1
1,330,1504.5,1479.8
1,331,1272,1485
1,332,1613.5,1509.8
1,333,1192.7,1517.7
1,334,1273.1,1528.6
1,335,1557.6,1534.7
1,336,1418.3,1529.7
1,337,1634.5,1586.6
1,338,1455.3,1649.8
1,339,1369,1684.7
1,340,1474.2,1746.5
1,341,1827.8,1764.5
1,342,1562.8,1763.3
2,1,1563.9,502.45
2,2,1509.3,549.42
2,3,1564.9,585.11
2,4,1387,618.42
2,5,1313.8,625.29
2,6,1245.4,641.08
2,7,1436.3,654.85
2,8,1212.5,695.72
2,9,1291.9,706.24
2,10,1444.1,713.36
2,11,545.71,773.31
2,12,1246.1,778.5
2,13,1347.7,790.17
2,14,1267.2,844.48
2,15,571.36,844.27
2,16,636.74,873.3
2,17,969.61,1000.5
2,18,1024.8,1027.3
2,19,1073.2,1058.1
2,20,1107.4,1102
2,21,974.16,1149.6
2,22,999.22,1161.3
2,23,540.36,1216.5
2,24,914.44,1247.5
2,25,865.44,1261.9
2,26,479.02,1280.1
2,27,835.71,1329.3
2,28,931.73,1363.2
2,29,864.26,1514.1
2,30,625.73,1565.1
2,31,1095.2,978.29
2,32,1163.7,990.38
2,33,751.35,1486.5
2,34,557.79,1494.1
2,35,420.46,1494.6
2,36,469.63,1513.7
2,37,511.85,1543.4
2,38,343.63,1545.7
2,39,448.44,1600.9
2,40,534.97,1626.3
2,41,587.15,1698.5
2,42,708.09,1704.8
2,43,878.71,1705.1
2,44,770.12,1716.6
2,45,821.69,1721.6
2,46,884.21,1744
2,47,621.44,1770.5
2,48,1344.5,884.46
2,49,1199.7,916.79
2,50,417.24,1267.2
2,51,588.49,1309.3
2,52,601.65,1453.2
2,53,674.5,1469
2,54,1483.3,802.27
2,55,1016.1,926.14
2,56,560.74,929.96
2,57,502.44,1036.6
2,58,468.02,1062.9
2,59,391.93,1068.7
2,60,543.86,1073.7
2,61,464,1134.3
2,62,592.38,1236.5
2,63,589.8,1541.2
2,64,1017.5,204.5
2,65,866.78,228.19
2,66,929.78,232.65
2,67,1442.5,240.82
2,68,1520.6,259.35
2,69,1117.2,264.62
2,70,1165.4,259.23
2,71,1055.6,274.85
2,72,449.41,291.05
2,73,801.7,287.49
2,74,736.6,297.08
2,75,1307.6,297.41
2,76,1368.6,309.91
2,77,1480.7,333.92
2,78,947.83,349.05
2,79,417.28,361.93
2,80,544.23,376.92
2,81,1621.1,402.42
2,82,779.07,419.42
2,83,1553,420.56
2,84,1642.5,460.04
2,85,1687.8,466.09
2,86,1011.5,470.18
2,87,829.14,481.12
2,88,754,510.89
2,89,601.97,507.78
2,90,517.41,524.53
2,91,566.91,557.14
2,92,847.86,556.73
2,93,1452,569.49
2,94,999.75,581.63
2,95,694.16,581.77
2,96,1095,587.27
2,97,945.02,596.65
2,98,870.41,616.66
2,99,654.77,655.06
2,100,566.26,689.08
2,101,630.77,718.01
2,102,1755.4,734.78
2,103,663.96,750.54
2,104,699.3,788
2,105,757.2,783
2,106,1675.3,778.53
2,107,1567.6,792.42
2,108,811.65,804.84
2,109,1421.6,866.93
2,110,875.87,870.5
2,111,778.96,901.5
2,112,724.55,913.46
2,113,1275.7,911.75
2,114,395.27,912.45
2,115,1498,909.11
2,116,1442.1,910.36
2,117,316.71,916.93
2,118,829.48,922.63
2,119,199.87,940.99
2,120,1392.2,957.97
2,121,1559.3,953.76
2,122,397.99,971.43
2,123,883.33,967.39
2,124,1733.2,971.13
2,125,1254.8,979.04
2,126,790.19,1000.8
2,127,654.07,1009.5
2,128,1507.6,1019.6
2,129,717.63,1046.6
2,130,281.49,1048.9
2,131,1649.3,1049.9
2,132,1579,1050.6
2,133,610.11,1054.8
2,134,843.43,1065
2,135,659.21,1073.9
2,136,786.87,1079.7
2,137,887.13,1077.1
2,138,943.31,1097
2,139,1646.6,1105.1
2,140,331.15,1123.4
2,141,873.48,1138.8
2,142,1222.5,1142.9
2,143,1553.7,1137.7
2,144,1288.3,1137.3
2,145,1172.2,1152
2,146,922.72,1152.8
2,147,1498,1172.5
2,148,413.56,1173.6
2,149,1276.4,1208.6
2,150,779.48,1219.6
2,151,1043.9,1223.6
2,152,1214.1,1224.7
2,153,1006.7,1221.2
2,154,964.4,1249.1
2,155,1518.4,1253.7
2,156,249.33,1259
2,157,1132.8,1282.9
2,158,783.98,1281.5
2,159,1576.6,1287.7
2,160,724.17,1342.7
2,161,637.36,1367.7
2,162,748.53,1386.7
2,163,510,1386.2
2,164,1105.4,1412.2
2,165,783.51,1412.2
2,166,466.8,1427.5
2,167,414.62,1424.4
2,168,869.49,1442.1
2,169,954.14,1490.8
2,170,1195.7,1523
2,171,729.1,1540.1
2,172,1139.2,1549.4
2,173,1703.2,1565.4
2,174,1775.1,1568.3
2,175,775.4,1568.6
2,176,668.1,1583.3
2,177,1081.3,1587.5
2,178,1662.6,1590.2
2,179,983.25,1594.4
2,180,1375.8,1594.2
2,181,851.2,1597.5
2,182,1210.1,1623.1
2,183,1150.8,1617.4
2,184,1281.3,1612.2
2,185,896.01,1627.4
2,186,1741.7,1637.5
2,187,1323.5,1654.9
2,188,1637.9,1665.4
2,189,1554.1,1695.6
2,190,1369.4,1689
2,191,1193.3,1701.8
2,192,1558.7,1781.3
2,193,491.57,354.36
2,194,556.59,419.08
2,195,683.45,425.01
2,196,587.9,449.82
2,197,1199.3,449.57
2,198,512.41,455.84
2,199,444.63,458.58
2,200,636.95,473.29
2,201,674.07,522.44
2,202,785.56,592.34
2,203,1167.4,616.16
2,204,821.79,641.49
2,205,885.09,657.36
2,206,370.53,675.13
2,207,1062.5,706.71
2,208,1159.6,754.37
2,209,1033.3,773.15
2,210,876.88,780.51
2,211,1085.1,804.59
2,212,201.02,838.74
2,213,1630.2,956.6
2,214,1375.6,1291.7
2,215,1333.7,1314.1
2,216,1411.4,1343
2,217,1326.5,1360.5
2,218,1583.8,1410.4
2,219,1296,1421.1
2,220,1496.9,1470.9
2,221,1426.7,1701.9
2,222,1462.5,1774.9
2,223,1263.3,328.17
2,224,1303.9,413.62
2,225,1099.3,439.32
2,226,1337.8,453.72
2,227,1396.2,478.39
2,228,1435.4,506.47
2,229,441.6,511.14
2,230,418.37,568.84
2,231,442.58,626.39
2,232,272.12,698.28
2,233,315.79,776.75
2,234,993.58,784.13
2,235,1419.7,788.04
2,236,398.65,796.8
2,237,1417.9,1087.8
2,238,596.73,1129.1
2,239,1065.5,1142.8
2,240,621.08,1177.5
2,241,690.37,1193.5
2,242,658.23,1254.3
2,243,712.53,1297.1
2,244,327.76,1328.7
2,245,1059.4,1336.5
2,246,389.96,1345.2
2,247,1009.2,1378.2
2,248,1175.8,1378.2
2,249,304.75,1402.9
2,250,1045.6,1411.7
2,251,633.52,1412.2
2,252,1227.3,1422.1
2,253,367.01,1429.2
2,254,1181.9,1477.4
2,255,1318.1,1482.8
2,256,1246.5,1496.8
2,257,1360.6,1542.2
2,258,1272.8,1545.5
2,259,1444.4,1607.4
2,260,1113.8,1706
2,261,1236.3,1758.6
2,262,1314.1,1756.9
2,263,1041.4,1770
2,264,613.29,317.2
2,265,1450.9,414.68
2,266,871.3,417.7
2,267,921.46,443.99
2,268,1498.6,457.69
2,269,912.81,508.02
2,270,957.13,518.75
2,271,1220,519.65
2,272,1138.7,518.16
2,273,1010.8,532.81
2,274,1171.7,546.28
2,275,1075.3,548.22
2,276,1265.9,564.13
2,277,1658.5,572.12
2,278,622.16,602.94
2,279,731.57,645.48
2,280,1679,660.83
2,281,1595,664.4
2,282,935.31,815.26
2,283,995.3,841.22
2,284,481.46,887.33
2,285,263.43,916.99
2,286,456.52,944.2
2,287,422.69,1008.2
2,288,1322.5,1033.5
2,289,1377.6,1172.4
2,290,1650,1181
2,291,1421.1,1226.2
2,292,1639.5,1262.4
2,293,1271.1,1266.4
2,294,1771,1319.6
2,295,1657,1329
2,296,1236.2,1329.9
2,297,1711,1411
2,298,1388.3,1453.9
2,299,1408.4,1491.7
2,300,1541,1517.8
2,301,1600.8,1536.8
2,302,1606.3,1594
2,303,713.25,1610.9
2,304,1522.8,1601.4
2,305,1012.1,1682.3
3,1,499.65,204.65
3,2,663.01,229.08
3,3,596.89,226.71
3,4,563.95,261.92
3,5,348.77,262.4
3,6,787.36,270.01
3,7,515.59,277.42
3,8,644.82,281.81
3,9,691.84,288.33
3,10,767.98,315.42
3,11,728.05,324.28
3,12,569.32,340.17
3,13,667.21,346.38
3,14,1052.2,343.46
3,15,437.48,355.59
3,16,984.78,365.61
3,17,813.31,362.84
3,18,622.98,367.86
3,19,762.41,374.02
3,20,1085.3,402.74
3,21,415.53,415.98
3,22,571.94,412.42
3,23,336.22,416.36
3,24,954.1,418.32
3,25,713.8,453.44
3,26,769.13,457.42
3,27,892.82,460.77
3,28,496.38,469.66
3,29,557.98,498.03
3,30,809.57,498.21
3,31,1197.8,516.99
3,32,711.73,520.99
3,33,460.41,527.36
3,34,1265.9,535.93
3,35,1355.6,535.19
3,36,318.09,545.35
3,37,390.96,558.5
3,38,750.88,569.5
3,39,241.16,568.78
3,40,1135.5,568.44
3,41,1022,584.44
3,42,201.06,612.04
3,43,1061.2,620.82
3,44,1327.2,617.35
3,45,407.91,624.12
3,46,924.2,629.41
3,47,587.04,640.03
3,48,260.45,633.69
3,49,1205.9,653.94
3,50,875.03,654.53
3,51,1530,656.66
3,52,482.27,676.31
3,53,980.77,679.32
3,54,420.78,686.1
3,55,1078.4,702.91
3,56,1320.5,715.42
3,57,292.61,715.64
3,58,390.24,723.8
3,59,699.05,722.8
3,60,1156,727.99
3,61,217.18,742.18
3,62,845.31,743.99
3,63,637.93,745.39
3,64,272.56,750.1
3,65,1204.2,756.31
3,66,755.09,755.76
3,67,500.71,796.35
3,68,294.71,810.18
3,69,683.01,811.78
3,70,601.12,810.73
3,71,1246,822.3
3,72,429.32,825.19
3,73,358.89,832
3,74,772.31,826.98
3,75,1186.8,846.04
3,76,1388.1,852.97
3,77,1019.2,860.4
3,78,957.36,869.74
3,79,914.55,876.24
3,80,1262.5,880.02
3,81,455.13,882.92
3,82,640.7,893.89
3,83,1111.4,898.56
3,84,1371.2,898.39
3,85,989.86,939.78
3,86,1293.9,951.89
3,87,1086,961.18
3,88,1218.2,977.1
3,89,369.92,999.21
3,90,630.89,1013.1
3,91,529.15,1016.1
3,92,1529,1045.6
3,93,1074.7,1052.7
3,94,1605.9,1053.7
3,95,834.37,1059.6
3,96,1308.7,1059.5
3,97,888.73,1073.8
3,98,1367.5,1073.4
3,99,504.47,1075.5
3,100,434.45,1072.8
3,101,1220.2,1093.4
3,102,671.44,1105.8
3,103,330.81,1104.6
3,104,395.4,1112.2
3,105,768.12,1106.8
3,106,1411.2,1112.8
3,107,468.92,1125.5
3,108,1269.6,1135.5
3,109,977.77,1136
3,110,1360.6,1155
3,111,1055.6,1156.2
3,112,1162.2,1165.7
3,113,1610.2,1164.1
3,114,492.57,1168.5
3,115,642.44,1173.8
3,116,324.36,1173.3
3,117,1677.8,1184.3
3,118,398.3,1187.6
3,119,926.09,1191.8
3,120,1563.1,1193.1
3,121,255.61,1198.6
3,122,975.06,1211.1
3,123,1259.1,1211.8
3,124,849.23,1221.6
3,125,702,1217.7
3,126,618.24,1231
3,127,1646.3,1236.8
3,128,1013,1258.8
3,129,1169.8,1257.1
3,130,396.46,1261.9
3,131,1220.4,1272.2
3,132,348.47,1292.5
3,133,1762.2,1289.2
3,134,1713.1,1299.8
3,135,892.37,1300
3,136,270.43,1308
3,137,1643,1305.1
3,138,1143.3,1319.2
3,139,1015.7,1317.6
3,140,955.52,1332.2
3,141,1335.5,1319.3
3,142,1230.7,1338.2
3,143,685.18,1344.2
3,144,1705.8,1382.3
3,145,521.3,1391.5
3,146,899.88,1395.2
3,147,989.7,1412.9
3,148,1237.5,1426.7
3,149,853.22,1429.7
3,150,799.18,1442
3,151,1315.4,1446.1
3,152,1031.9,1463.5
3,153,895.73,1467
3,154,561.14,1466.6
3,155,956.02,1481.6
3,156,1205.3,1483.1
3,157,646.17,1488.8
3,158,1116.9,1507.1
3,159,856.05,1521.3
3,160,1681.9,1536.5
3,161,1309.3,1534.6
3,162,1223.6,1545.2
3,163,1386.8,1553.6
3,164,1140.5,1558.6
3,165,813.34,1555.3
3,166,358.66,1564.3
3,167,593.28,1572.1
3,168,856.37,1586.8
3,169,439.13,1585.8
3,170,648.52,1595.4
3,171,1083.5,1607
3,172,1261.4,1616.8
3,173,1185.8,1623.9
3,174,1022.1,1643
3,175,894.78,1648.5
3,176,961.18,1672.7
3,177,544.64,1683.2
3,178,1293.5,1683.2
3,179,1059.5,1695.7
3,180,1688.4,1707.4
3,181,936.56,1711.5
3,182,733.51,1715.1
3,183,1782.1,1718.3
3,184,1358.6,1752.5
3,185,1433,1759.4
3,186,1499.5,1776.4
3,187,1274.2,1786
3,188,1451.3,1832.3
3,189,1642.7,328.41
3,190,1676.5,395.77
3,191,624.42,483.4
3,192,997.61,500
3,193,661.74,557.67
3,194,993.12,555.69
3,195,907.15,563.53
3,196,1782.7,565.73
3,197,1674.4,560.35
3,198,971.94,613.83
3,199,1430.5,785.29
3,200,1351.3,803.14
3,201,814.45,852.92
3,202,1599.1,859.21
3,203,1691,874.16
3,204,742.15,875.83
3,205,801.58,908.58
3,206,1439.3,915.11
3,207,688.53,928.12
3,208,930.95,934.71
3,209,1503.6,958.26
3,210,1400.8,965.65
3,211,749.94,970.71
3,212,1039.1,983.38
3,213,1152.8,985.71
3,214,841.83,989.62
3,215,897.85,991.71
3,216,1460.4,1029.8
3,217,1702.1,1088
3,218,1530.2,1231.9
3,219,1310.5,1244.9
3,220,1500.5,1290.5
3,221,1572.2,1327.1
3,222,1409.2,1412.3
3,223,1502.3,1407.9
3,224,1557.4,1448
3,225,1641.1,1446.1
3,226,1498.1,1500.6
3,227,1433.3,1503.9
3,228,1582.8,1521.7
3,229,1344.2,1605.9
3,230,1523.2,1616.8
3,231,1434.8,1640.6
3,232,1478.9,1692.1
3,233,1246.6,1702.1
3,234,1186.6,1695.9
3,235,1577.6,1698.5
3,236,1528.9,1719.5
3,237,669.47,1725.2
3,238,1020.7,1779.2
3,239,731.64,1781.4
3,240,1079.5,1819.4
3,241,1060.9,470.69
3,242,940.77,509.45
3,243,1067.8,538.67
3,244,1474.7,598.14
3,245,1525.3,602.5
3,246,795.89,626.3
3,247,1581,664.44
3,248,1689.5,749.8
3,249,1543.7,749.79
3,250,557.17,851.59
3,251,586.05,898.51
3,252,353.73,929.54
3,253,1544,938.2
3,254,403.23,949.74
3,255,1454.3,971.3
3,256,1063.3,1383.3
3,257,1122.2,1379.1
3,258,1134,1434.3
3,259,684.67,1542
3,260,760.14,1604.3
3,261,490.85,1633.8
3,262,691.17,1677.3
3,263,624.69,1779.6
3,264,1009.5,250.99
3,265,924.79,330.43
3,266,1230.8,337.89
3,267,1583.8,345.16
3,268,1163.9,365
3,269,1330.8,369.11
3,270,1386.6,387.76
3,271,1546.7,401.67
3,272,1194.2,430.97
3,273,1464.4,472.87
3,274,1534.9,474.53
3,275,1508.8,546.46
3,276,1417.8,558.37
3,277,1624.4,573.1
3,278,1717.5,593.99
3,279,1371.1,620.15
3,280,1431.3,627.75
3,281,1668,636.24
3,282,1762.7,671.33
3,283,1466.8,681.84
3,284,1397.1,690.37
3,285,1715.4,698.51
3,286,545.24,902.8
3,287,1659,925.36
3,288,524.64,944.93
3,289,1590.7,937.29
3,290,1612.5,983.17
3,291,1679.4,990.46
3,292,982.74,1039.4
3,293,1013.7,1083
3,294,842.58,1102.2
3,295,594.33,1125.5
3,296,878.09,1130.8
3,297,516.11,1239.4
3,298,471.53,1271.1
3,299,599.78,1313.4
3,300,1808.9,1321.9
3,301,527.68,1331.7
3,302,798.92,1366.1
3,303,352.89,1373.7
3,304,1771.7,1389.7
3,305,269.66,1400.9
3,306,401.57,1416.3
3,307,1816,1416.4
3,308,731.72,1420.1
3,309,307.45,1439.5
3,310,1746.9,1452.8
3,311,339.59,1486.8
3,312,389.82,1509.8
3,313,1736.8,1509.9
3,314,543.9,1544.9
3,315,919.37,1583
3,316,981.95,1590
3,317,249.11,1603.6
3,318,374.59,1638.4
3,319,294.54,1650.9
3,320,407.3,1755.9
3,321,895.94,1762.2
3,322,961.19,1766.4
3,323,201.24,1823.7
4,1,821.18,190.24
4,2,966.71,212.86
4,3,740.47,217.82
4,4,479.02,234.47
4,5,581.02,237.98
4,6,522.47,237.33
4,7,672.18,238.7
4,8,821.88,243.95
4,9,547.57,253.35
4,10,417.11,251.38
4,11,1220.1,260
4,12,1548.1,262.35
4,13,1455.5,268.98
4,14,377.82,275.52
4,15,909.11,278.35
4,16,981.59,272.02
4,17,743.36,282.31
4,18,1518.2,296.14
4,19,492.81,305.28
4,20,330.19,311.91
4,21,622.87,322.73
4,22,1185.2,339.67
4,23,1265.2,331.59
4,24,573.62,334.29
4,25,470.9,346.55
4,26,896.52,351.27
4,27,1003.4,350.85
4,28,325.85,361.07
4,29,1083.6,361.64
4,30,554.25,381.24
4,31,625.3,379.91
4,32,388.72,394.61
4,33,1199.7,402.97
4,34,693.88,407.47
4,35,480.23,418.71
4,36,343.54,424.63
4,37,291.62,429.28
4,38,970.32,443.21
4,39,425.83,461.3
4,40,565.38,462.08
4,41,700.28,465.77
4,42,332.64,478.49
4,43,955.39,490.94
4,44,370.28,494.73
4,45,650.9,502.24
4,46,465.55,501.36
4,47,244.93,512.12
4,48,407.46,518.96
4,49,529.23,533.35
4,50,766.18,528.42
4,51,336.37,537.98
4,52,272.17,541.54
4,53,600.05,549.12
4,54,934.78,547.37
4,55,813.98,564.38
4,56,869.81,578.05
4,57,442.76,568.85
4,58,262,589.82
4,59,702.36,594.68
4,60,328.7,591.51
4,61,996.91,593.29
4,62,1059.1,595.6
4,63,410.98,612.85
4,64,612.13,614.26
4,65,924.67,615.98
4,66,195.31,628.31
4,67,785.66,630.78
4,68,1226.2,641.42
4,69,1270.1,650.5
4,70,331.92,652.26
4,71,482.68,652.07
4,72,981.72,655.5
4,73,672.52,656.3
4,74,405.7,674.08
4,75,594.91,686.31
4,76,876.15,688.24
4,77,1108.6,689.76
4,78,287.96,690.84
4,79,1658.1,693.59
4,80,1357,697.32
4,81,1023.4,730.86
4,82,300.8,737.8
4,83,463.31,740.16
4,84,191.43,748.8
4,85,704.32,766.11
4,86,624.68,767.69
4,87,1146.3,773.74
4,88,393.34,774.32
4,89,973.23,782.4
4,90,1263.1,783.74
4,91,803.01,779.82
4,92,1320.2,789.49
4,93,296.1,805.42
4,94,1700.6,811.2
4,95,594.73,820.6
4,96,449.22,820.11
4,97,1119.5,822.68
4,98,1168.4,844.21
4,99,683.84,840.74
4,100,898.85,837.96
4,101,502.54,842.52
4,102,953.05,849.82
4,103,1037.3,849.39
4,104,1098,867.41
4,105,345.82,856.56
4,106,556.17,868.72
4,107,1428.2,871.24
4,108,1662.2,869.82
4,109,397.37,873.66
4,110,293.77,876.82
4,111,866.01,887.7
4,112,1354.2,887.54
4,113,995.11,901.82
4,114,821.62,912.59
4,115,1427.8,920.41
4,116,1120.9,925.9
4,117,665.46,937.11
4,118,918.39,949.32
4,119,1305.2,947.41
4,120,279.98,949.32
4,121,359.73,949.73
4,122,985.68,976.77
4,123,1384.5,990.94
4,124,1326.7,999.9
4,125,1182.6,1009
4,126,1084.7,1010.6
4,127,303.66,1034.4
4,128,370.55,1035.6
4,129,510.66,1037.5
4,130,429.64,1042.4
4,131,1576.5,1047.4
4,132,1247.9,1063
4,133,1309.2,1073.3
4,134,1513.8,1081.2
4,135,1368.3,1078.6
4,136,1159.6,1079.6
4,137,299.69,1094.6
4,138,564.8,1095.3
4,139,496.68,1119.9
4,140,1597.1,1121.4
4,141,1134.8,1138.2
4,142,710.62,1147.2
4,143,1242.1,1165.4
4,144,433.35,1173.3
4,145,1424.8,1171.3
4,146,1321.6,1197.3
4,147,760.89,1195
4,148,1113.9,1205.6
4,149,1607.6,1215.6
4,150,1407.6,1225.4
4,151,710.94,1222.3
4,152,276.05,1222.1
4,153,776.61,1244
4,154,1346.7,1246.4
4,155,1256.1,1257.1
4,156,1200.8,1262.9
4,157,346.22,1273
4,158,1425.5,1273.8
4,159,1374.1,1279.1
4,160,1795.6,1275.3
4,161,1624.1,1281.3
4,162,1710.6,1287.5
4,163,258.28,1283.8
4,164,516.21,1306.2
4,165,386.28,1323.7
4,166,599.24,1346.8
4,167,1374.6,1349
4,168,1513.8,1362.1
4,169,345.64,1360.4
4,170,1598.4,1359.3
4,171,1782.3,1364.3
4,172,1722.1,1362.3
4,173,289.57,1367.5
4,174,1658.9,1372.7
4,175,423.61,1372.8
4,176,1420.5,1372.2
4,177,845.86,1390.5
4,178,1326.1,1395.4
4,179,1385.9,1419
4,180,295.68,1427.5
4,181,406.68,1430.3
4,182,926.65,1433.4
4,183,1708.3,1439.2
4,184,797.64,1447
4,185,1438.1,1459.7
4,186,1335.2,1454.8
4,187,1496.2,1453.2
4,188,1272.9,1457.5
4,189,1030.4,1464.6
4,190,1647.3,1486.4
4,191,340.39,1489.9
4,192,1716,1491.5
4,193,418.36,1495.9
4,194,580.79,1504.7
4,195,981.88,1514.3
4,196,1764.5,1516.2
4,197,393.07,1542.4
4,198,1468.3,1539.2
4,199,1557.8,1547.1
4,200,324.54,1554.1
4,201,621.45,1568.9
4,202,549.84,1572.9
4,203,1068,1580.9
4,204,805.95,1578
4,205,881.22,1598.4
4,206,992.07,1593.4
4,207,945.66,1608.9
4,208,730.25,1618.5
4,209,1631.3,1627.8
4,210,586,1631.7
4,211,1101.1,1647.9
4,212,1036.5,1650.4
4,213,464.12,1649.6
4,214,520.85,1659.3
4,215,1497.9,1661.6
4,216,916.13,1661.8
4,217,976.25,1677
4,218,1322,1674.2
4,219,1134.6,1685.2
4,220,1368.3,1707.1
4,221,913.66,1703.6
4,222,673.55,1702.7
4,223,490.14,1712.3
4,224,545.9,1713.3
4,225,750.3,1732.8
4,226,694.15,1758
4,227,1006.3,1759.4
4,228,1536.7,1760.3
4,229,903.26,1765.7
4,230,1173.9,1765.9
4,231,371.42,1775.5
4,232,1216.2,1782.6
4,233,1316.7,1784.6
4,234,1714,1789.6
4,235,1385.7,1802.9
4,236,512.02,1802.2
4,237,1142.4,1826.6
4,238,1475.2,1820.9
4,239,1609.7,1829.6
4,240,374.24,1834.2
4,241,1237.8,1842.8
4,242,318.3,1863.8
4,243,482.64,1897.2
4,244,898.33,190.6
4,245,853.65,307.9
4,246,672.79,313.13
4,247,700.38,318.6
4,248,725.76,350.9
4,249,805.13,411.3
4,250,748.13,428.65
4,251,1337.4,473.64
4,252,1402,496.55
4,253,1457.9,495.63
4,254,1244.1,527.7
4,255,1300.5,546.6
4,256,1357.3,548.19
4,257,1429.7,563.59
4,258,1127.8,586.4
4,259,1376.8,617.54
4,260,1313.4,632.32
4,261,1425.2,641.07
4,262,737.86,670.12
4,263,799.55,705.59
4,264,1599.2,999.49
4,265,1655.6,1015.5
4,266,362.53,1086.7
4,267,1675.4,1075.9
4,268,436.36,1136.9
4,269,306.63,1179
4,270,329.83,1202.3
4,271,1012.9,1231.4
4,272,1319.2,1290
4,273,1002.1,1304.3
4,274,1145.1,1305.1
4,275,1075.9,1315.5
4,276,1108.6,1386
4,277,1207.8,1426.3
4,278,1110,1455.9
4,279,1154.8,1464.1
4,280,1165.5,1522.1
4,281,1225,1521.5
4,282,1738,557.51
4,283,1678.1,615.96
4,284,1745,621.41
4,285,1299.9,716.06
4,286,1187.1,729.89
4,287,1406.3,743.01
4,288,1484.1,743.48
4,289,1483.3,822.75
4,290,1277.8,836.07
4,291,1737.7,905.9
4,292,1665.2,949.42
4,293,1817.5,969.4
4,294,1540.7,970.58
4,295,1723.8,985.3
4,296,597.3,994.62
4,297,1440.1,1009.6
4,298,1777.8,1029.4
4,299,646.3,1061.8
4,300,814.43,1307.2
4,301,899.28,1311.3
4,302,900.12,1368.8
4,303,1123.3,324.06
4,304,1580.4,334.05
4,305,1646,346.78
4,306,1405.1,362.94
4,307,1309.3,385.96
4,308,1372.8,406.85
4,309,1466,403.18
4,310,1561.5,406.8
4,311,1626.9,410.56
4,312,1203.1,455.69
4,313,1616.7,471.21
4,314,895.57,485.46
4,315,1533.5,477.99
4,316,1093.5,498.32
4,317,1521.7,527.7
4,318,1486.8,566.83
4,319,1206,574.77
4,320,1609.6,616.75
4,321,1509,655.54
4,322,1732.7,691.52
4,323,1573.5,730.53
4,324,1778.1,780.56
4,325,1611.3,791.62
4,326,741,957.54
4,327,794.8,1003.5
4,328,726.42,1055.7
4,329,905.6,1082.3
4,330,920.35,1166.1
4,331,858.15,1257.8
4,332,740.53,1300
4,333,677.71,1326.5
4,334,711.79,1392.3
4,335,518.55,1410.5
4,336,725.99,1454.2
4,337,642.21,1461.7
4,338,872.03,1464.3
4,339,751.07,1506.5
4,340,811.25,1509.3
4,341,888.69,1520
4,342,1172.6,1602.1
4,343,1205.7,1660
4,344,1238.1,1674.6
4,345,1708,1675.5
4,346,798.42,315.99
5,1,1387.5,485.95
5,2,1280.9,521.77
5,3,1373.8,537.47
5,4,1459.1,552.89
5,5,1321.1,566.55
5,6,1286.5,587.46
5,7,1379.9,580.96
5,8,1441.3,615.84
5,9,1387.9,656.25
5,10,1316.3,681.48
5,11,1097.5,686.6
5,12,1377.3,732.63
5,13,1321.4,756.7
5,14,987.26,761.32
5,15,1238.1,766.25
5,16,1151.8,778.72
5,17,1277.6,816.12
5,18,788.71,823.11
5,19,1031.6,830.64
5,20,1085.8,829.22
5,21,1184.3,826.33
5,22,729.42,830.5
5,23,1129.4,858.12
5,24,917.53,865.11
5,25,1296.5,866.68
5,26,1029.1,886.56
5,27,1243.6,892.98
5,28,1129.1,910.1
5,29,1203.9,934.44
5,30,1038.5,947.47
5,31,1283.1,949.2
5,32,839.85,951.15
5,33,1143.9,968.58
5,34,1356.3,973.31
5,35,951.97,985.95
5,36,870.94,1020.6
5,37,1293.7,1021.9
5,38,1152.2,1025.9
5,39,1367.1,1040.9
5,40,1412.9,1067.3
5,41,1136.4,1077.4
5,42,1330.3,1099.5
5,43,1283.7,1112.9
5,44,616.99,1115.8
5,45,1404.9,1112.2
5,46,1360.8,1149.3
5,47,1157,1158
5,48,762.95,1173
5,49,1286.6,1176.8
5,50,1221.5,1199.8
5,51,528.13,1236.1
5,52,1309.2,1238.1
5,53,442.12,1283.5
5,54,603.83,1347.5
5,55,1355.7,1345
5,56,691.05,1399.7
5,57,758.08,1413.3
5,58,1200.3,1409.8
5,59,590.48,1447.4
5,60,1354,1445.9
5,61,712.82,1453.7
5,62,1409.8,1462
5,63,662.64,1466.8
5,64,1295.2,1484.6
5,65,366.57,1522.9
5,66,853.96,1530.9
5,67,762.51,1530.1
5,68,1271,1534.6
5,69,585.8,1536.3
5,70,689.5,1583.8
5,71,989.02,1590.4
5,72,757.2,1676.8
5,73,887.76,1700
5,74,741.16,1781.1
5,75,412.26,399.75
5,76,257.84,403.54
5,77,415.66,480.21
5,78,281.69,513.03
5,79,484.83,531.2
5,80,383.78,554.3
5,81,796.55,694.74
5,82,332.91,738.7
5,83,864.02,746.27
5,84,378.32,795.99
5,85,226.57,804.5
5,86,1588.6,809.8
5,87,1456.9,825.84
5,88,1701,848.02
5,89,1639,901.13
5,90,1724.2,908.8
5,91,1745.3,967.33
5,92,1859.4,965.28
5,93,1826.9,1010.3
5,94,1901.8,1039.7
5,95,1768.2,1076.6
5,96,1848.8,1100.3
5,97,1898.5,1136.7
5,98,1781.9,1175.1
5,99,1858,1212.9
5,100,1736.7,1224.3
5,101,1795.6,1253.8
5,102,1703.4,1444.1
5,103,1041.5,1465.5
5,104,1764.1,1506.4
5,105,1835.6,1517.4
5,106,1083.3,1519.5
5,107,1678.7,1551.9
5,108,1041.7,1559.2
5,109,1729.5,1585.2
5,110,1795.2,1587.8
5,111,319.33,1638.2
5,112,1400.2,100.89
5,113,1740.3,111.62
5,114,1688.2,120.8
5,115,1610.7,127.33
5,116,1333,172.03
5,117,1780.3,170.64
5,118,1718.7,176.75
5,119,1586.6,192.08
5,120,591.91,217.98
5,121,1698.1,232.6
5,122,1756.8,232.69
5,123,659.9,251.07
5,124,1488.3,264.04
5,125,1565.9,257.74
5,126,551.09,273.29
5,127,1623.7,284.54
5,128,609.28,299.66
5,129,488.43,308.68
5,130,1745.4,319.63
5,131,577.35,330.33
5,132,1383.3,325.33
5,133,1552.7,325.29
5,134,677.48,332.43
5,135,1677.3,341.54
5,136,1499.3,351.03
5,137,1450.2,371.33
5,138,1837.5,386.14
5,139,1762.7,385.59
5,140,1557.2,410.57
5,141,1392.2,411.63
5,142,1890.8,451.73
5,143,1805.2,466.16
5,144,1621,469.56
5,145,1694.3,499.25
5,146,1563.7,501.95
5,147,1541.9,536.48
5,148,1623.3,540.63
5,149,1713.4,579.46
5,150,1802.8,598.8
5,151,1641.9,615
5,152,1506.1,646.51
5,153,1832.2,652.05
5,154,1744.7,684.12
5,155,1875.3,689.68
5,156,1631.1,687.28
5,157,1508.2,704.01
5,158,1853.2,742.56
5,159,1606.4,750.85
5,160,1668,770.34
5,161,303.35,865.34
5,162,1572.7,866.75
5,163,360.54,883.54
5,164,221.9,898.46
5,165,293.29,927.85
5,166,209.71,984.18
5,167,453.4,1033.5
5,168,527.9,1054.3
5,169,433.96,1092.8
5,170,532.85,1122.4
5,171,337.31,1143
5,172,439.86,1150.1
5,173,411.69,1215.1
5,174,1744,1336.6
5,175,1660.9,1374.8
5,176,1730.4,1391.1
5,177,1791,1410.7
5,178,1644.6,1644.2
5,179,1591.1,1708.2
5,180,1300.7,1731.3
5,181,322.86,1777.2
5,182,1498.3,1809.5
5,183,1687,1842.8
5,184,735.14,208.09
5,185,796.1,238.54
5,186,1065.6,237.33
5,187,1259.2,254.22
5,188,884.92,254.7
5,189,1004.3,306.48
5,190,1200.1,307.66
5,191,1281.8,334.34
5,192,894.67,339.82
5,193,806.19,368.07
5,194,925.32,381.22
5,195,745.5,400.21
5,196,863.95,410.84
5,197,552.69,418.18
5,198,652.08,423.29
5,199,934.07,446.69
5,200,831.04,473.14
5,201,990.78,480.37
5,202,1455.7,477.84
5,203,1160.4,478.76
5,204,515.87,480.16
5,205,664.28,485.21
5,206,1081.8,504.53
5,207,642.57,527.1
5,208,971.18,541.26
5,209,1143,551.72
5,210,1047.8,567.78
5,211,1202.8,564.9
5,212,593.75,573.86
5,213,658.99,578.83
5,214,536.79,585.29
5,215,906.33,590.12
5,216,1553.3,600.44
5,217,514.43,612.1
5,218,1151.9,612.08
5,219,422.52,620.71
5,220,1271.4,634.62
5,221,837.19,640.38
5,222,1198.4,658.33
5,223,920.37,659.1
5,224,568.6,663.43
5,225,365.25,668.65
5,226,1250.3,698.01
5,227,526.81,709.77
5,228,1189.2,719.8
5,229,1121.1,728.81
5,230,504.92,750.21
5,231,1375,871.79
5,232,525.63,881.8
5,233,425.5,886.05
5,234,1483.8,909.46
5,235,432.91,927.07
5,236,1566,942.94
5,237,508.03,963.36
5,238,660.57,973.96
5,239,1634.9,985.42
5,240,1571.6,1000.2
5,241,1443.6,996.55
5,242,722.73,1013.3
5,243,1490.7,1037.7
5,244,654.13,1050.4
5,245,1519.9,1065.1
5,246,964.12,1061.2
5,247,1579.9,1076.4
5,248,1645.3,1079.6
5,249,761.07,1090.1
5,250,1053.7,1085.6
5,251,1459.1,1104.1
5,252,1499.1,1119.9
5,253,1687.5,1125.2
5,254,1556.4,1142.7
5,255,924.66,1161.4
5,256,653.86,1169.3
5,257,1493.9,1185.8
5,258,1573.8,1201.8
5,259,610.69,1202.4
5,260,765.33,1231.8
5,261,684.45,1245.7
5,262,1597.5,1280.7
5,263,1669.3,1287.3
5,264,1523.5,1287.1
5,265,652.54,1308.6
5,266,770.22,1327.8
5,267,924.32,1341.4
5,268,501.73,1350.3
5,269,829.82,1356.3
5,270,420.33,1356.8
5,271,488.83,1406.7
5,272,1505.4,1404.4
5,273,1462.3,1433.5
5,274,418.95,1431.1
5,275,1560.1,1434.1
5,276,1137.9,1461.5
5,277,1612.8,1467.5
5,278,1547.6,1503.6
5,279,1610.4,1518.8
5,280,1362.9,1570.8
5,281,1264.9,1591.9
5,282,1426.3,1595.9
5,283,1167.7,1621.6
5,284,1225.3,1655
5,285,1538,1652.3
5,286,1461.4,1657.1
5,287,1748.1,1667.5
5,288,1169.5,1699.6
5,289,1664.5,1707.7
5,290,1703.7,1763
5,291,1796.5,1768.6
6,1,478.23,803.21
6,2,410.04,803.8
6,3,807.08,835.91
6,4,442.42,852.94
6,5,811.49,871.7
6,6,439.27,892.55
6,7,431.71,942.09
6,8,556.26,948.44
6,9,790.84,951.26
6,10,490.87,969.04
6,11,748.82,1005.4
6,12,561.25,1171.8
6,13,618.18,1184.9
6,14,507.88,1202.1
6,15,630.19,1216.5
6,16,581.48,1228.6
6,17,433.3,1232.6
6,18,382.2,1264.6
6,19,635.09,1248.5
6,20,524.75,1276.1
6,21,577.1,1280.3
6,22,393,1313.9
6,23,476.88,1317
6,24,479.36,1346.6
6,25,423.39,1377.9
6,26,464.21,1413.9
6,27,536.77,1445.6
6,28,462.22,1457.1
6,29,432.94,1497.2
6,30,512.38,1522.9
6,31,475.36,1558.2
6,32,777.65,1661.5
6,33,811.75,1691.2
6,34,861.01,1714.7
6,35,769.24,1745.6
6,36,1790,187.48
6,37,1896.2,247.03
6,38,1449,308.36
6,39,1721.1,363.05
6,40,1315.4,425.55
6,41,1454.8,487.63
6,42,1172.6,525.22
6,43,1687.2,597.6
6,44,1190.4,619.46
6,45,1221.9,719.38
6,46,1708.1,782.74
6,47,1233.8,782.73
6,48,1414,783
6,49,1797.1,792.19
6,50,1143.7,799.67
6,51,1644.9,812.26
6,52,1585.7,824.78
6,53,1506.8,834.8
6,54,1157.3,840.82
6,55,1266.7,843.21
6,56,1370.3,847.39
6,57,1720.6,854.31
6,58,1444.8,855.58
6,59,1134,874.41
6,60,623.13,878.84
6,61,1257.7,884.99
6,62,1830.9,889.65
6,63,1081.9,892.84
6,64,1191.6,895.2
6,65,1599.8,912.25
6,66,1754.8,915.63
6,67,1693,918.03
6,68,1276.9,925.02
6,69,1131.7,935.61
6,70,1338.4,946.45
6,71,1211.3,953.76
6,72,1623.2,966.34
6,73,1422.9,967.28
6,74,672.54,980.28
6,75,620.4,988.8
6,76,1221.7,988.54
6,77,1531.7,997.36
6,78,1249.9,1007.1
6,79,565.99,1005.9
6,80,1628,1023
6,81,656.63,1034.6
6,82,1552.5,1044.2
6,83,1288.3,1051.8
6,84,1480.5,1067.2
6,85,1196.7,1087
6,86,487.85,1092.7
6,87,1558.9,1104.3
6,88,419.07,1156.7
6,89,1212.6,1156.4
6,90,1150.5,1181.2
6,91,1262,1214.5
6,92,1455,1221.8
6,93,1175.8,1250.4
6,94,1398.7,1279.6
6,95,1262.7,1282.7
6,96,1567.2,1320.6
6,97,543.13,1345.3
6,98,1355.3,1346
6,99,643.33,1353.2
6,100,982.78,1354
6,101,1402.4,1400.3
6,102,1646.3,1415.9
6,103,956.9,1449.5
6,104,1685,1476
6,105,516.06,1641.8
6,106,1668,1655.7
6,107,1449.4,1668.6
6,108,1610.7,1720
6,109,449.44,1755.6
6,110,527.14,1773.3
6,111,1631.4,1782.7
6,112,1411.4,1795.1
6,113,1564,1798
6,114,497.9,208.53
6,115,588.32,215.04
6,116,696.87,234.92
6,117,657.96,541.02
6,118,719.83,594.24
6,119,727.37,678.96
6,120,801.42,704.28
6,121,637.95,738.29
6,122,836.11,766.72
6,123,583.64,837.7
6,124,279.25,913.07
6,125,915.49,921.73
6,126,868.35,950.43
6,127,374.68,990.82
6,128,837.15,1007
6,129,407.39,1045
6,130,570.62,1072.9
6,131,789.45,1090.7
6,132,1415.4,1091.4
6,133,1342.2,1111.1
6,134,1485.5,1127.1
6,135,1278.9,1134
6,136,1435.8,1158
6,137,751.75,1159.9
6,138,1537.8,1165.8
6,139,1302.3,1184.8
6,140,1385.2,1204.7
6,141,1514.4,1204.9
6,142,1501,1272.9
6,143,1446.8,1339.7
6,144,1504.3,1357.8
6,145,1231.6,1391.6
6,146,1525.4,1393.4
6,147,746.74,1390.1
6,148,652.36,1414.1
6,149,1135.8,1415.7
6,150,1587.3,1423.7
6,151,1193.4,1435.3
6,152,1347.5,1442.5
6,153,1202.9,1489.6
6,154,1461.6,1504.9
6,155,1075.8,1548.3
6,156,1196.5,1563.8
6,157,1214.7,1608.7
6,158,1011,1633.8
6,159,1268.2,1645.7
6,160,287.74,695.98
6,161,400.93,720.77
6,162,742.06,774.18
6,163,660.22,797.53
6,164,681.93,843.78
6,165,903.16,845.78
6,166,752.78,843.48
6,167,521.26,858.81
6,168,1029.9,855.32
6,169,971.77,894.89
6,170,806.56,909.55
6,171,600.55,922.96
6,172,727.38,935.49
6,173,484.55,1055.6
6,174,719.07,1081.9
6,175,429.41,1091.4
6,176,641.23,1099.1
6,177,1346.1,1159.5
6,178,696.23,1195.6
6,179,265.27,1211.9
6,180,778.31,1277.5
6,181,689.57,1294.7
6,182,817.39,1421.1
6,183,788.69,1480.6
6,184,343.6,1480.6
6,185,276.82,1484.7
6,186,217.13,1490
6,187,339.97,1532.3
6,188,608.31,1544.7
6,189,779.11,1551.9
6,190,691,1575.6
6,191,1295.6,1374.7
